,game_id,team,epa,success,yards_gained,touchdown,interception,fumble_lost,season,week,home_team,away_team,home_score,away_score,opponent,win,avg_points_last3,epa_last3,epa_last5,def_epa_allowed,epa_diff
1140,2025_01_ARI_NO,ARI,0.016025030660710326,0.4444444444444444,276.0,2.0,0.0,0.0,2025,1,NO,ARI,13.0,20.0,NO,1,355.0,0.0667424235701546,0.0998456103498795,0.05375709970032001,-0.037732069039609684
1176,2025_02_CAR_ARI,ARI,0.04135731712433814,0.463768115942029,293.0,2.0,1.0,0.0,2025,2,ARI,CAR,27.0,22.0,CAR,1,320.6666666666667,0.10146782052576864,0.07226035830381096,0.05375709970032001,-0.012399782575981871
1204,2025_03_ARI_SF,ARI,-0.0027177057527233216,0.42857142857142855,260.0,1.0,0.0,0.0,2025,3,SF,ARI,16.0,15.0,SF,0,276.3333333333333,0.018221547344108403,0.04777337641641568,0.05375709970032001,-0.056474805453043335
1262,2025_04_SEA_ARI,ARI,-0.005908567067620988,0.4578313253012048,253.0,2.0,2.0,1.0,2025,4,ARI,SEA,20.0,23.0,SEA,0,268.6666666666667,0.010910348101331298,0.05915543775139227,0.05375709970032001,-0.059665666767941
1292,2025_05_TEN_ARI,ARI,-0.06345322466970844,0.39080459770114945,360.0,3.0,0.0,2.0,2025,5,ARI,TEN,21.0,22.0,TEN,0,291.0,-0.024026499163350895,-0.0029394299410008956,0.05375709970032001,-0.11721032437002846
1296,2025_06_ARI_IND,ARI,0.11739497075699161,0.5111111111111111,400.0,3.0,1.0,0.0,2025,6,IND,ARI,31.0,27.0,IND,0,337.6666666666667,0.01601105967322074,0.01733455807825536,0.05375709970032001,0.0636378710566716
1330,2025_07_GB_ARI,ARI,0.03924885016300529,0.48863636363636365,330.0,2.0,0.0,1.0,2025,7,ARI,GB,23.0,27.0,GB,0,363.3333333333333,0.031063532083429504,0.01691286468598879,0.05375709970032001,-0.014508249537314721
1168,2025_01_TB_ATL,ATL,0.010881626033896186,0.4725274725274725,358.0,2.0,0.0,0.0,2025,1,ATL,TB,20.0,23.0,TB,0,410.6666666666667,0.10313829950214846,0.03577580286354597,-0.0028137540582231424,0.01369538009211933
1172,2025_02_ATL_MIN,ATL,0.011947640001360697,0.47560975609756095,326.0,1.0,0.0,2.0,2025,2,MIN,ATL,6.0,22.0,MIN,1,407.0,0.0737834745928083,0.0773739846990215,-0.0028137540582231424,0.014761394059583838
1206,2025_03_ATL_CAR,ATL,-0.37877743879216724,0.3375,332.0,1.0,2.0,2.0,2025,3,CAR,ATL,30.0,0.0,CAR,0,338.6666666666667,-0.1186493909189701,-0.01148298005687225,-0.0028137540582231424,-0.3759636847339441
1266,2025_04_WAS_ATL,ATL,0.20917648370603623,0.5421686746987951,435.0,4.0,1.0,0.0,2025,4,ATL,WAS,34.0,27.0,WAS,1,364.3333333333333,-0.052551105028256766,0.010349893738458755,-0.0028137540582231424,0.21199023776425938
1298,2025_06_BUF_ATL,ATL,0.05339014477548505,0.5057471264367817,443.0,3.0,0.0,0.0,2025,6,ATL,BUF,24.0,14.0,BUF,1,403.3333333333333,-0.038736936770215315,-0.01867630885507782,-0.0028137540582231424,0.056203898833708195
1326,2025_07_ATL_SF,ATL,-0.0773963944764524,0.44155844155844154,292.0,1.0,0.0,1.0,2025,7,SF,ATL,20.0,10.0,SF,0,390.0,0.06172341133502296,-0.036331912957147536,-0.0028137540582231424,-0.07458264041822926
1142,2025_01_BAL_BUF,BAL,0.3402928946977512,0.5633802816901409,432.0,5.0,0.0,1.0,2025,1,BUF,BAL,41.0,40.0,BUF,0,437.3333333333333,0.22372192373841035,0.20410266207568215,-0.02945655906043888,0.36974945375819007
1180,2025_02_CLE_BAL,BAL,0.10090514597945299,0.44155844155844154,242.0,4.0,0.0,0.0,2025,2,BAL,CLE,41.0,17.0,CLE,1,363.3333333333333,0.1902313556881817,0.1730429741593296,-0.02945655906043888,0.13036170503989186
1214,2025_03_DET_BAL,BAL,0.15812726074838312,0.5540540540540541,318.0,4.0,0.0,1.0,2025,3,BAL,DET,30.0,38.0,DET,0,330.6666666666667,0.19977510047519575,0.18603963558861344,-0.02945655906043888,0.187583819808822
1236,2025_04_BAL_KC,BAL,-0.0428570985337274,0.49295774647887325,360.0,2.0,1.0,1.0,2025,4,KC,BAL,37.0,20.0,KC,0,306.6666666666667,0.07205843606470289,0.13719284585584018,-0.02945655906043888,-0.013400539473288519
1274,2025_05_HOU_BAL,BAL,-0.2504813458722078,0.43548387096774194,207.0,1.0,3.0,0.0,2025,5,BAL,HOU,10.0,44.0,HOU,0,295.0,-0.04507039455251737,0.061197371403930424,-0.02945655906043888,-0.2210247868117689
1314,2025_06_LA_BAL,BAL,-0.2630402502313445,0.4044943820224719,296.0,0.0,1.0,2.0,2025,6,BAL,LA,3.0,17.0,LA,0,287.6666666666667,-0.18545956487909324,-0.0594692575818887,-0.02945655906043888,-0.2335836911709056
1143,2025_01_BAL_BUF,BUF,0.2037605222221103,0.49056603773584906,497.0,5.0,0.0,0.0,2025,1,BUF,BAL,41.0,40.0,BAL,1,381.3333333333333,0.15587215835361745,0.12289848000636014,-0.013299260282165198,0.2170597825042755
1174,2025_02_BUF_NYJ,BUF,0.1793383270853151,0.4606741573033708,403.0,3.0,0.0,0.0,2025,2,NYJ,BUF,10.0,30.0,NYJ,1,424.6666666666667,0.17883404908575987,0.1759310923275152,-0.013299260282165198,0.1926375873674803
1228,2025_03_MIA_BUF,BUF,0.22068571042299093,0.5405405405405406,360.0,4.0,0.0,0.0,2025,3,BUF,MIA,31.0,21.0,MIA,1,420.0,0.20126151991013877,0.17352810251383166,-0.013299260282165198,0.23398497070515611
1256,2025_04_NO_BUF,BUF,0.12407909221305086,0.47368421052631576,356.0,4.0,1.0,0.0,2025,4,BUF,NO,31.0,19.0,NO,1,373.0,0.17470104324045233,0.1762533899786643,-0.013299260282165198,0.13737835249521604
1284,2025_05_NE_BUF,BUF,0.019642838023519432,0.5121951219512195,363.0,2.0,1.0,2.0,2025,5,BUF,NE,20.0,23.0,NE,0,359.6666666666667,0.12146921355318707,0.14950129799339734,-0.013299260282165198,0.03294209830568463
1299,2025_06_BUF_ATL,BUF,-0.08761878425121736,0.49295774647887325,291.0,2.0,2.0,0.0,2025,6,ATL,BUF,24.0,14.0,ATL,0,336.6666666666667,0.01870104866178433,0.0912254366987318,-0.013299260282165198,-0.07431952396905216
1144,2025_01_CAR_JAX,CAR,-0.10838754834644071,0.39473684210526316,255.0,1.0,2.0,1.0,2025,1,JAX,CAR,26.0,10.0,JAX,0,294.6666666666667,0.03046505970012915,0.03584328539333749,0.05647736968774001,-0.1648649180341807
1177,2025_02_CAR_ARI,CAR,-0.005964339923841882,0.45454545454545453,352.0,4.0,1.0,1.0,2025,2,ARI,CAR,27.0,22.0,ARI,0,344.0,0.07196215226710895,0.052629023992793934,0.05647736968774001,-0.062441709611581894
1207,2025_03_ATL_CAR,CAR,0.06721195145641011,0.5277777777777778,224.0,2.0,0.0,0.0,2025,3,CAR,ATL,30.0,0.0,ATL,1,277.0,-0.015713312271290806,0.03052855812659112,0.05647736968774001,0.0107345817686701
1238,2025_04_CAR_NE,CAR,-0.1789418814048696,0.47126436781609193,326.0,3.0,0.0,0.0,2025,4,NE,CAR,42.0,13.0,NE,0,300.6666666666667,-0.039231423290767106,0.020831305370573462,0.05647736968774001,-0.2354192510926096
1280,2025_05_MIA_CAR,CAR,0.11509170787089623,0.4606741573033708,418.0,3.0,1.0,1.0,2025,5,CAR,MIA,27.0,24.0,MIA,1,322.6666666666667,0.0011205926408122634,-0.022198022069569178,0.05647736968774001,0.05861433818315622
1306,2025_06_DAL_CAR,CAR,0.15452723309258934,0.5714285714285714,410.0,3.0,1.0,0.0,2025,6,CAR,DAL,30.0,27.0,DAL,1,384.6666666666667,0.030225686519538674,0.03038493421823683,0.05647736968774001,0.09804986340484934
1328,2025_07_CAR_NYJ,CAR,-0.05396387823663833,0.4044943820224719,302.0,1.0,0.0,0.0,2025,7,NYJ,CAR,6.0,13.0,NYJ,1,376.6666666666667,0.07188502090894909,0.02078502655567754,0.05647736968774001,-0.11044124792437834
1160,2025_01_MIN_CHI,CHI,-0.11061522895678677,0.37777777777777777,317.0,2.0,0.0,1.0,2025,1,CHI,MIN,24.0,27.0,MIN,0,240.0,-0.1304851869323399,-0.11322158044142143,-0.021975802125486936,-0.08863942683129983
1178,2025_02_CHI_DET,CHI,-0.12246116684698148,0.4069767441860465,339.0,3.0,1.0,1.0,2025,2,DET,CHI,52.0,21.0,DET,0,293.3333333333333,-0.1210786555005145,-0.10343713408480863,-0.021975802125486936,-0.10048536472149455
1210,2025_03_DAL_CHI,CHI,0.20323441657903593,0.4861111111111111,385.0,4.0,0.0,0.0,2025,3,CHI,DAL,31.0,14.0,DAL,1,347.0,-0.00994732640824413,-0.06213646221299303,-0.021975802125486936,0.22521021870452287
1240,2025_04_CHI_LV,CHI,-0.07257224048426521,0.45348837209302323,271.0,2.0,1.0,0.0,2025,4,LV,CHI,24.0,25.0,LV,1,331.6666666666667,0.0027336697492630576,-0.04651475808135454,-0.021975802125486936,-0.05059643835877827
1300,2025_06_CHI_WAS,CHI,0.09301964133496841,0.5063291139240507,381.0,2.0,0.0,0.0,2025,6,WAS,CHI,24.0,25.0,WAS,1,345.6666666666667,0.07456060580991303,-0.0018789156748058144,-0.021975802125486936,0.11499544346045534
1344,2025_07_NO_CHI,CHI,-0.010088376269930895,0.4431818181818182,386.0,2.0,1.0,0.0,2025,7,CHI,NO,26.0,14.0,NO,1,346.0,0.0034530081935907476,0.018226454862565362,-0.021975802125486936,0.011887425855556041
1146,2025_01_CIN_CLE,CIN,-0.06649989188349305,0.4411764705882353,141.0,2.0,0.0,0.0,2025,1,CLE,CIN,16.0,17.0,CLE,1,318.0,0.03669885749081037,0.04992569138629394,0.048204604328366,-0.11470449621185905
1184,2025_02_JAX_CIN,CIN,0.08231229884117741,0.5180722891566265,350.0,4.0,3.0,0.0,2025,2,CIN,JAX,31.0,27.0,JAX,1,268.3333333333333,0.02475220365115995,0.04531417511019384,0.048204604328366,0.03410769451281141
1208,2025_03_CIN_MIN,CIN,-0.5131050496633522,0.3333333333333333,171.0,3.0,2.0,3.0,2025,3,MIN,CIN,48.0,10.0,MIN,0,220.66666666666666,-0.16576421423522264,-0.06413923566994871,0.048204604328366,-0.5613096539917183
1242,2025_04_CIN_DEN,CIN,-0.15515739923456054,0.38235294117647056,159.0,0.0,0.0,0.0,2025,4,DEN,CIN,28.0,3.0,DEN,0,226.66666666666666,-0.19531671668557848,-0.11880116758888655,0.048204604328366,-0.20336200356292655
1272,2025_05_DET_CIN,CIN,-0.019111942505494896,0.4875,322.0,3.0,3.0,0.0,2025,5,CIN,DET,24.0,37.0,DET,0,217.33333333333334,-0.22912479713446923,-0.13431239688914465,0.048204604328366,-0.0673165468338609
1302,2025_06_CIN_GB,CIN,0.09646900685721901,0.5308641975308642,270.0,2.0,0.0,0.0,2025,6,GB,CIN,27.0,18.0,GB,0,250.33333333333334,-0.02593344496094549,-0.10171861714100223,0.048204604328366,0.048264402528853015
1350,2025_07_PIT_CIN,CIN,0.21908685068898728,0.5368421052631579,470.0,3.0,0.0,0.0,2025,7,CIN,PIT,33.0,31.0,PIT,1,354.0,0.09881463834690378,-0.07436370677144025,0.048204604328366,0.17088224636062127
1147,2025_01_CIN_CLE,CLE,-0.088101396139557,0.4,327.0,2.0,2.0,0.0,2025,1,CLE,CIN,16.0,17.0,CIN,0,277.6666666666667,-0.21050187681666213,-0.2374314387425212,-0.0682313688121001,-0.019870027327456907
1181,2025_02_CLE_BAL,CLE,-0.2268946369702979,0.43478260869565216,322.0,3.0,1.0,1.0,2025,2,BAL,CLE,41.0,17.0,BAL,0,293.0,-0.19012379146596547,-0.215353154424789,-0.0682313688121001,-0.1586632681581978
1216,2025_03_GB_CLE,CLE,-0.09277101683955041,0.4050632911392405,221.0,1.0,1.0,0.0,2025,3,CLE,GB,13.0,10.0,GB,1,290.0,-0.1359223499831351,-0.19023425685196696,-0.0682313688121001,-0.024539648027450317
1244,2025_04_CLE_DET,CLE,-0.3820344020803852,0.3023255813953488,249.0,2.0,2.0,1.0,2025,4,DET,CLE,34.0,10.0,DET,0,264.0,-0.23390001863007784,-0.2090353586635664,-0.0682313688121001,-0.31380303326828507
1282,2025_05_MIN_CLE,CLE,-0.008132147933331398,0.4157303370786517,322.0,2.0,0.0,0.0,2025,5,CLE,MIN,17.0,21.0,MIN,0,264.0,-0.160979188951089,-0.15958671999262436,-0.0682313688121001,0.0600992208787687
1304,2025_06_CLE_PIT,CLE,-0.08033533934947852,0.4329896907216495,248.0,0.0,0.0,0.0,2025,6,PIT,CLE,23.0,9.0,PIT,0,273.0,-0.15683396312106504,-0.1580335086346087,-0.0682313688121001,-0.012103970537378425
1340,2025_07_MIA_CLE,CLE,-0.05456200181280389,0.3424657534246575,206.0,3.0,0.0,0.0,2025,7,CLE,MIA,31.0,6.0,MIA,1,258.6666666666667,-0.0476764963652046,-0.12356698160310989,-0.0682313688121001,0.013669366999296204
1148,2025_01_DAL_PHI,DAL,0.13882451553592903,0.5135135135135135,307.0,2.0,0.0,1.0,2025,1,PHI,DAL,24.0,20.0,PHI,0,317.6666666666667,-0.02599314201337352,0.032020277985415804,0.017919370681105044,0.12090514485482398
1192,2025_02_NYG_DAL,DAL,0.13466424909732486,0.49137931034482757,478.0,4.0,1.0,0.0,2025,2,DAL,NYG,40.0,37.0,NYG,1,387.6666666666667,0.10530391034369674,0.022202557045164162,0.017919370681105044,0.1167448784162198
1211,2025_03_DAL_CHI,DAL,-0.004570578496424139,0.4827586206896552,398.0,1.0,3.0,1.0,2025,3,CHI,DAL,31.0,14.0,CHI,0,394.3333333333333,0.08963939537894323,0.010422848912156031,0.017919370681105044,-0.022489949177529184
1246,2025_04_GB_DAL,DAL,0.23102421431837958,0.5280898876404494,436.0,5.0,0.0,0.0,2025,4,DAL,GB,40.0,40.0,GB,0,437.3333333333333,0.12037262830642674,0.10847307337060914,0.017919370681105044,0.21310484363727453
1268,2025_05_DAL_NYJ,DAL,0.26112837212458967,0.48148148148148145,416.0,5.0,0.0,0.0,2025,5,NYJ,DAL,22.0,37.0,NYJ,1,416.6666666666667,0.1625273359821817,0.1522141545159598,0.017919370681105044,0.24320900144348462
1307,2025_06_DAL_CAR,DAL,0.17656728802055674,0.4520547945205479,292.0,3.0,0.0,0.0,2025,6,CAR,DAL,30.0,27.0,CAR,0,381.3333333333333,0.2229066248211753,0.15976270901288533,0.017919370681105044,0.1586479173394517
1354,2025_07_WAS_DAL,DAL,0.19246128550047667,0.47058823529411764,409.0,4.0,0.0,0.0,2025,7,DAL,WAS,44.0,22.0,WAS,1,372.3333333333333,0.2100523152152077,0.17132211629351568,0.017919370681105044,0.17454191481937162
1170,2025_01_TEN_DEN,DEN,-0.10953810627750764,0.42391304347826086,317.0,2.0,2.0,1.0,2025,1,DEN,TEN,20.0,12.0,TEN,1,340.0,0.02679769079392014,0.06835642509341036,-0.03365321736756391,-0.07588488890994373
1182,2025_02_DEN_IND,DEN,0.16619715436316812,0.5466666666666666,324.0,4.0,1.0,0.0,2025,2,IND,DEN,29.0,28.0,IND,0,288.3333333333333,-0.022762024120821456,0.07270654887174219,-0.03365321736756391,0.19985037173073203
1212,2025_03_DEN_LAC,DEN,-0.09616969888720432,0.3188405797101449,265.0,2.0,0.0,0.0,2025,3,LAC,DEN,23.0,20.0,LAC,0,302.0,-0.013170216933847923,0.03008410557154485,-0.03365321736756391,-0.06251648151964041
1243,2025_04_CIN_DEN,DEN,0.1716648067807337,0.5053763440860215,512.0,4.0,1.0,0.0,2025,4,DEN,CIN,28.0,3.0,CIN,1,367.0,0.08056408741889919,0.001441807106213011,-0.03365321736756391,0.2053180241482976
1270,2025_05_DEN_PHI,DEN,0.06264112544534677,0.4842105263157895,360.0,2.0,0.0,0.0,2025,5,PHI,DEN,17.0,21.0,PHI,1,379.0,0.046045411112958734,0.03895905628490735,-0.03365321736756391,0.09629434281291067
1308,2025_06_DEN_NYJ,DEN,-0.1095799302055507,0.3466666666666667,246.0,1.0,0.0,1.0,2025,6,NYJ,DEN,11.0,13.0,NYJ,1,372.6666666666667,0.04157533400684329,0.03895069149929874,-0.03365321736756391,-0.07592671283798678
1346,2025_07_NYG_DEN,DEN,0.10657533139340948,0.45,411.0,4.0,0.0,0.0,2025,7,DEN,NYG,33.0,32.0,NYG,1,339.0,0.019878842211068545,0.02702632690534701,-0.03365321736756391,0.1402285487609734
1150,2025_01_DET_GB,DET,-0.053930350450451615,0.43373493975903615,246.0,1.0,1.0,0.0,2025,1,GB,DET,27.0,13.0,GB,0,387.0,0.01417286283127852,0.13228328937817396,-0.02232018432472693,-0.03161016612572469
1179,2025_02_CHI_DET,DET,0.3040654393475693,0.5714285714285714,511.0,7.0,0.0,0.0,2025,2,DET,CHI,52.0,21.0,CHI,1,426.0,0.10354566694358154,0.13716087593324736,-0.02232018432472693,0.32638562367229623
1215,2025_03_DET_BAL,DET,0.28674891570076433,0.5930232558139535,426.0,5.0,0.0,0.0,2025,3,BAL,DET,30.0,38.0,BAL,1,394.3333333333333,0.17896133486596066,0.12666658870843384,-0.02232018432472693,0.30906910002549126
1245,2025_04_CLE_DET,DET,-0.0833274719162131,0.43037974683544306,277.0,3.0,1.0,0.0,2025,4,DET,CLE,34.0,10.0,CLE,1,404.6666666666667,0.16916229437737348,0.10281168892305917,-0.02232018432472693,-0.06100728759148617
1273,2025_05_DET_CIN,DET,0.18806264048450777,0.5443037974683544,365.0,5.0,0.0,1.0,2025,5,CIN,DET,24.0,37.0,CIN,1,356.0,0.130494694756353,0.12832383463323532,-0.02232018432472693,0.2103828248092347
1310,2025_06_DET_KC,DET,0.06693976876315641,0.5652173913043478,297.0,2.0,0.0,0.0,2025,6,KC,DET,30.0,17.0,KC,0,313.0,0.057224979110483694,0.15249785847595693,-0.02232018432472693,0.08925995308788334
1352,2025_07_TB_DET,DET,-0.09183985749967763,0.3855421686746988,379.0,3.0,1.0,1.0,2025,7,DET,TB,24.0,9.0,TB,1,347.0,0.05438751724932886,0.07331679910650755,-0.02232018432472693,-0.0695196731749507
1151,2025_01_DET_GB,GB,0.18478708315260156,0.5,266.0,3.0,0.0,0.0,2025,1,GB,DET,27.0,13.0,DET,1,311.6666666666667,-0.058060777113141636,0.00833917809354875,-0.014640903995567462,0.19942798714816903
1202,2025_02_WAS_GB,GB,0.04642447959787643,0.49411764705882355,404.0,3.0,0.0,0.0,2025,2,GB,WAS,27.0,18.0,WAS,1,324.0,0.013913858419955995,-0.03224280568683789,-0.014640903995567462,0.06106538359344389
1217,2025_03_GB_CLE,GB,-0.09447875355263805,0.39759036144578314,230.0,1.0,1.0,0.0,2025,3,CLE,GB,13.0,10.0,CLE,0,300.0,0.04557760306594663,-0.04444732105883729,-0.014640903995567462,-0.07983784955707059
1247,2025_04_GB_DAL,GB,0.24406398523744516,0.5238095238095238,489.0,5.0,0.0,1.0,2025,4,DAL,GB,40.0,40.0,DAL,0,374.3333333333333,0.06533657042756116,0.03826536138893504,-0.014640903995567462,0.2587048892330126
1303,2025_06_CIN_GB,GB,0.21914906347053859,0.5945945945945946,409.0,3.0,1.0,0.0,2025,6,GB,CIN,27.0,18.0,CIN,1,376.0,0.12291143171844854,0.11998917158116473,-0.014640903995567462,0.23378996746610606
1331,2025_07_GB_ARI,GB,0.12457736098708436,0.5416666666666666,262.0,3.0,0.0,0.0,2025,7,ARI,GB,23.0,27.0,ARI,1,386.6666666666667,0.19593013656502267,0.1079472271480613,-0.014640903995567462,0.13921826498265183
1152,2025_01_HOU_LA,HOU,-0.12130735018581618,0.3684210526315789,265.0,0.0,1.0,1.0,2025,1,LA,HOU,14.0,9.0,LA,0,343.3333333333333,-0.08326090435698344,-0.09408681079667189,-0.052958817630697055,-0.06834853255511912
1200,2025_02_TB_HOU,HOU,8.430002008872921e-05,0.4262295081967213,266.0,2.0,0.0,0.0,2025,2,HOU,TB,19.0,20.0,TB,0,289.0,-0.053225818231868366,-0.03947557174003456,-0.052958817630697055,0.05304311765078579
1218,2025_03_HOU_JAX,HOU,-0.22187935449775442,0.3670886075949367,271.0,1.0,2.0,1.0,2025,3,JAX,HOU,17.0,10.0,JAX,0,267.3333333333333,-0.11436746822116062,-0.0943155535097232,-0.052958817630697055,-0.16892053686705738
1264,2025_04_TEN_HOU,HOU,0.06947528488687198,0.4146341463414634,353.0,3.0,0.0,0.0,2025,4,HOU,TEN,26.0,0.0,TEN,1,296.6666666666667,-0.05077325653026458,-0.06241630486129751,-0.052958817630697055,0.12243410251756903
1275,2025_05_HOU_BAL,HOU,0.31626189028250784,0.6190476190476191,417.0,5.0,0.0,0.0,2025,5,BAL,HOU,10.0,44.0,BAL,1,347.0,0.05461927355720846,0.008526954101179585,-0.052958817630697055,0.3692207079132049
1332,2025_07_HOU_SEA,HOU,-0.26270551750662446,0.4,254.0,1.0,1.0,0.0,2025,7,SEA,HOU,27.0,19.0,SEA,0,341.3333333333333,0.04101055255425177,-0.019752679362982067,-0.052958817630697055,-0.20974669987592742
1158,2025_01_MIA_IND,IND,0.2513866281498552,0.5529411764705883,418.0,3.0,0.0,0.0,2025,1,IND,MIA,33.0,8.0,MIA,1,431.0,0.12489074195659174,0.02591532521799108,-0.00452338386233512,0.2559100120121903
1183,2025_02_DEN_IND,IND,0.15529270746341772,0.5287356321839081,473.0,2.0,0.0,0.0,2025,2,IND,DEN,29.0,28.0,DEN,1,440.0,0.1516547678863076,0.1333715690931827,-0.00452338386233512,0.15981609132575283
1220,2025_03_IND_TEN,IND,0.2662427980970872,0.6056338028169014,365.0,4.0,0.0,0.0,2025,3,TEN,IND,20.0,41.0,TEN,1,418.6666666666667,0.22430737790345337,0.15924154628605602,-0.00452338386233512,0.2707661819594223
1248,2025_04_IND_LA,IND,-0.06389130758340589,0.46835443037974683,333.0,2.0,2.0,1.0,2025,4,LA,IND,27.0,20.0,LA,0,390.3333333333333,0.11921473265903303,0.1314631588345208,-0.00452338386233512,-0.05936792372107077
1278,2025_05_LV_IND,IND,0.24241038223435066,0.5066666666666667,319.0,6.0,0.0,0.0,2025,5,IND,LV,40.0,6.0,LV,1,339.0,0.14825395758267734,0.17028824167226095,-0.00452338386233512,0.24693376609668577
1297,2025_06_ARI_IND,IND,0.16656564016936753,0.5733333333333334,355.0,4.0,1.0,0.0,2025,6,IND,ARI,31.0,27.0,ARI,1,335.6666666666667,0.11502823827343744,0.15332404407616346,-0.00452338386233512,0.17108902403170265
1334,2025_07_IND_LAC,IND,0.3721989465115834,0.5616438356164384,403.0,5.0,0.0,0.0,2025,7,LAC,IND,24.0,38.0,LAC,1,359.0,0.2603916563051006,0.19670529188579655,-0.00452338386233512,0.37672233037391856
1145,2025_01_CAR_JAX,JAX,0.11752987668145165,0.48148148148148145,378.0,2.0,1.0,0.0,2025,1,JAX,CAR,26.0,10.0,CAR,1,330.6666666666667,0.10209057673697124,0.04255772643664577,0.028898181503766735,0.08863169517768492
1185,2025_02_JAX_CIN,JAX,0.07620942031169656,0.5057471264367817,400.0,3.0,2.0,0.0,2025,2,CIN,JAX,31.0,27.0,CIN,0,365.6666666666667,0.08333622456646955,0.030454886380636627,0.028898181503766735,0.047311238807929826
1219,2025_03_HOU_JAX,JAX,-0.12352672674320221,0.375,291.0,2.0,1.0,0.0,2025,3,JAX,HOU,17.0,10.0,HOU,1,356.3333333333333,0.023404190083315343,0.0517908847558816,0.028898181503766735,-0.15242490824696894
1250,2025_04_JAX_SF,JAX,-0.02903977862544024,0.45454545454545453,325.0,2.0,0.0,0.0,2025,4,SF,JAX,21.0,26.0,SF,1,338.6666666666667,-0.025452361685648624,0.019488433666153236,0.028898181503766735,-0.057937960129206975
1276,2025_05_KC_JAX,JAX,0.16188827129354919,0.5616438356164384,319.0,3.0,1.0,1.0,2025,5,JAX,KC,31.0,28.0,KC,1,311.6666666666667,0.003107255308302257,0.04061221258361099,0.028898181503766735,0.13299008978978244
1320,2025_06_SEA_JAX,JAX,-0.08716789750317212,0.3723404255319149,273.0,2.0,0.0,0.0,2025,6,JAX,SEA,12.0,20.0,SEA,0,305.6666666666667,0.01522686505497895,-0.00032734225331376433,0.028898181503766735,-0.11606607900693885
1336,2025_07_LA_JAX,JAX,-0.11441665232252464,0.45652173913043476,358.0,1.0,0.0,0.0,2025,7,JAX,LA,7.0,35.0,LA,0,316.6666666666667,-0.013232092844049184,-0.038452556780158006,0.028898181503766735,-0.14331483382629137
1154,2025_01_KC_LAC,KC,0.13125316683729504,0.45569620253164556,347.0,2.0,0.0,0.0,2025,1,LAC,KC,27.0,21.0,LAC,0,332.0,0.019728021475598063,-0.030410085845354585,-0.029465248203634897,0.16071841504092993
1194,2025_02_PHI_KC,KC,-0.03593376587101114,0.4594594594594595,294.0,2.0,1.0,0.0,2025,2,KC,PHI,17.0,20.0,PHI,0,306.6666666666667,-0.055812150827100164,0.024450289980709444,-0.029465248203634897,-0.006468517667376241
1222,2025_03_KC_NYG,KC,0.08258688655028591,0.47058823529411764,306.0,2.0,0.0,0.0,2025,3,NYG,KC,9.0,22.0,NYG,1,315.6666666666667,0.0593020958388566,0.02116743702121378,-0.029465248203634897,0.11205213475392081
1237,2025_04_BAL_KC,KC,0.18448718091282745,0.47126436781609193,382.0,4.0,0.0,0.0,2025,4,KC,BAL,37.0,20.0,BAL,1,327.3333333333333,0.0770467671973674,0.01992752299636256,-0.029465248203634897,0.21395242911646234
1277,2025_05_KC_JAX,KC,0.1291640345488915,0.6172839506172839,476.0,5.0,1.0,0.0,2025,5,JAX,KC,31.0,28.0,JAX,0,388.0,0.13207936733733494,0.09831150059565774,-0.029465248203634897,0.15862928275252638
1311,2025_06_DET_KC,KC,0.2296754398267073,0.5675675675675675,355.0,4.0,0.0,0.0,2025,6,KC,DET,30.0,17.0,DET,1,404.3333333333333,0.1811088850961421,0.11799595519354018,-0.029465248203634897,0.2591406880303422
1338,2025_07_LV_KC,KC,0.19428311473797336,0.5,434.0,4.0,0.0,0.0,2025,7,KC,LV,31.0,0.0,LV,1,421.6666666666667,0.1843741963711907,0.16403933131533707,-0.029465248203634897,0.22374836294160824
1153,2025_01_HOU_LA,LA,-0.07460018376348851,0.4,296.0,2.0,0.0,1.0,2025,1,LA,HOU,14.0,9.0,HOU,1,330.0,-0.02501521999918845,-0.004912509382319086,-0.004973881354865885,-0.06962630240862262
1188,2025_02_LA_TEN,LA,0.20126361907641632,0.5256410256410257,439.0,4.0,1.0,0.0,2025,2,TEN,LA,19.0,33.0,TEN,1,379.0,0.03804584333761041,0.0440964178708385,-0.004973881354865885,0.2062375004312822
1224,2025_03_LA_PHI,LA,-0.10605827635720516,0.5308641975308642,356.0,3.0,1.0,0.0,2025,3,PHI,LA,33.0,26.0,PHI,0,363.6666666666667,0.006868386318574217,0.004031936544329162,-0.004973881354865885,-0.10108439500233928
1249,2025_04_IND_LA,LA,0.0006222581809394367,0.5280898876404494,462.0,3.0,0.0,1.0,2025,4,LA,IND,27.0,20.0,IND,1,419.0,0.03194253363338353,0.001740302367313098,-0.004973881354865885,0.005596139535805322
1288,2025_05_SF_LA,LA,0.071828772230203,0.6097560975609756,456.0,3.0,0.0,2.0,2025,5,LA,SF,23.0,26.0,SF,0,424.6666666666667,-0.011202415315354245,0.018611237873373015,-0.004973881354865885,0.07680265358506888
1315,2025_06_LA_BAL,LA,-0.08507094858076168,0.46875,241.0,2.0,0.0,1.0,2025,6,BAL,LA,3.0,17.0,BAL,1,386.3333333333333,-0.004206639389873086,0.016517084909918378,-0.004973881354865885,-0.0800970672258958
1337,2025_07_LA_JAX,LA,0.2480457365182525,0.5232558139534884,271.0,5.0,0.0,0.0,2025,7,JAX,LA,7.0,35.0,JAX,1,322.6666666666667,0.07826785338923127,0.025873508398285616,-0.004973881354865885,0.2530196178731184
1155,2025_01_KC_LAC,LAC,0.21371368052610346,0.575,394.0,3.0,0.0,0.0,2025,1,LAC,KC,27.0,21.0,KC,1,376.6666666666667,0.010321371367033455,0.09852671810236044,-0.02649627251351988,0.24020995303962334
1186,2025_02_LAC_LV,LAC,-0.0880984918795892,0.4714285714285714,317.0,2.0,0.0,1.0,2025,2,LV,LAC,9.0,20.0,LV,1,324.0,-0.08988829834184371,0.03850380759271732,-0.02649627251351988,-0.061602219366069313
1213,2025_03_DEN_LAC,LAC,-0.060784487370182355,0.42718446601941745,376.0,2.0,1.0,1.0,2025,3,LAC,DEN,23.0,20.0,DEN,1,362.3333333333333,0.021610233758777322,-0.02358377302973426,-0.02649627251351988,-0.034288214856662474
1252,2025_04_LAC_NYG,LAC,-0.0666315156488017,0.47435897435897434,340.0,2.0,2.0,0.0,2025,4,NYG,LAC,21.0,18.0,NYG,0,344.3333333333333,-0.07183816496619107,-0.07941617960890307,-0.02649627251351988,-0.040135243135281815
1294,2025_05_WAS_LAC,LAC,-0.08265750770558497,0.39759036144578314,336.0,1.0,1.0,1.0,2025,5,LAC,WAS,10.0,27.0,WAS,0,350.6666666666667,-0.07002450357485633,-0.016891664415610966,-0.02649627251351988,-0.05616123519206509
1312,2025_06_LAC_MIA,LAC,0.12844668389015182,0.5,403.0,2.0,0.0,1.0,2025,6,MIA,LAC,27.0,29.0,MIA,1,359.6666666666667,-0.006947446488078268,-0.03394506374280129,-0.02649627251351988,0.1549429564036717
1335,2025_07_IND_LAC,LAC,0.08974670319452391,0.4782608695652174,445.0,3.0,2.0,0.0,2025,7,LAC,IND,24.0,38.0,IND,0,394.6666666666667,0.045178626459696926,0.00162397527202133,-0.02649627251351988,0.11624297570804379
1356,2025_08_MIN_LAC,LAC,0.1704312400193104,0.5454545454545454,419.0,4.0,1.0,0.0,2025,8,LAC,MIN,37.0,10.0,MIN,1,422.3333333333333,0.1295415423679954,0.047867120749919875,-0.02649627251351988,0.19692751253283028
1156,2025_01_LV_NE,LV,0.08168634402719786,0.45,389.0,2.0,1.0,0.0,2025,1,NE,LV,13.0,20.0,NE,1,347.0,0.046966542100207787,-0.05602391644858916,-0.02508805544022115,0.10677439946741901
1187,2025_02_LAC_LV,LV,-0.2503300214799621,0.36585365853658536,218.0,0.0,3.0,0.0,2025,2,LV,LAC,9.0,20.0,LAC,0,290.3333333333333,-0.05329006844100372,-0.04857701339946352,-0.02508805544022115,-0.22524196603974095
1226,2025_03_LV_WAS,LV,-0.021253567323442694,0.39759036144578314,356.0,4.0,0.0,0.0,2025,3,WAS,LV,41.0,24.0,WAS,0,321.0,-0.06329908159206896,-0.026136792500556293,-0.02508805544022115,0.0038344881167784554
1241,2025_04_CHI_LV,LV,-0.17201697776194444,0.5454545454545454,357.0,3.0,3.0,1.0,2025,4,LV,CHI,24.0,25.0,CHI,0,310.3333333333333,-0.14786685552178305,-0.07062815008167966,-0.02508805544022115,-0.14692892232172328
1279,2025_05_LV_IND,LV,-0.22581754351052008,0.5061728395061729,296.0,0.0,2.0,0.0,2025,5,IND,LV,40.0,6.0,IND,0,336.3333333333333,-0.13969602953196905,-0.1175463532097343,-0.02508805544022115,-0.20072948807029894
1324,2025_06_TEN_LV,LV,-0.06899246857829042,0.44155844155844154,226.0,2.0,1.0,0.0,2025,6,LV,TEN,20.0,10.0,TEN,1,293.0,-0.1556089966169183,-0.14768211573083195,-0.02508805544022115,-0.04390441313806927
1339,2025_07_LV_KC,LV,-0.3390653628906721,0.3404255319148936,95.0,0.0,0.0,1.0,2025,7,KC,LV,31.0,0.0,KC,0,205.66666666666666,-0.2112917916598275,-0.16542918401297393,-0.02508805544022115,-0.31397730745045094
1159,2025_01_MIA_IND,MIA,-0.15893364448570976,0.48214285714285715,213.0,1.0,2.0,1.0,2025,1,IND,MIA,33.0,8.0,IND,0,275.6666666666667,-0.10121154727575603,-0.05505360142132243,0.014919280133979468,-0.17385292461968924
1190,2025_02_NE_MIA,MIA,0.07262062639918684,0.46153846153846156,358.0,2.0,1.0,0.0,2025,2,MIA,NE,27.0,33.0,NE,0,301.6666666666667,-0.05120698061691307,-0.006810933073790676,0.014919280133979468,0.05770134626520738
1229,2025_03_MIA_BUF,MIA,0.06790751393789542,0.4533333333333333,276.0,3.0,1.0,0.0,2025,3,BUF,MIA,31.0,21.0,BUF,0,282.3333333333333,-0.0061351680495424915,-0.032621300298037156,0.014919280133979468,0.05298823380391595
1258,2025_04_NYJ_MIA,MIA,0.17593621648391763,0.4794520547945205,300.0,3.0,0.0,0.0,2025,4,MIA,NYJ,27.0,21.0,NYJ,1,311.3333333333333,0.10548811894033332,0.01804455771421476,0.014919280133979468,0.16101693634993816
1281,2025_05_MIA_CAR,MIA,0.12118798379967201,0.4444444444444444,248.0,3.0,0.0,0.0,2025,5,CAR,MIA,27.0,24.0,CAR,0,274.6666666666667,0.12167723807382837,0.055743739226992425,0.014919280133979468,0.10626870366569253
1313,2025_06_LAC_MIA,MIA,0.06155683586732053,0.4935064935064935,341.0,3.0,3.0,0.0,2025,6,MIA,LAC,27.0,29.0,LAC,0,296.3333333333333,0.11956034538363675,0.09984183529759849,0.014919280133979468,0.046637555733341066
1341,2025_07_MIA_CLE,MIA,-0.4167441480653667,0.3026315789473684,219.0,1.0,3.0,1.0,2025,7,CLE,MIA,31.0,6.0,CLE,0,269.3333333333333,-0.07799977613279137,0.001968880404687778,0.014919280133979468,-0.43166342819934617
1161,2025_01_MIN_CHI,MIN,-0.06429664168731578,0.44594594594594594,256.0,4.0,1.0,0.0,2025,1,CHI,MIN,24.0,27.0,CHI,1,262.3333333333333,-0.1818139960091423,-0.08953500186218184,-0.05386229352222232,-0.010434348165093456
1173,2025_02_ATL_MIN,MIN,-0.36889228377527056,0.38461538461538464,198.0,0.0,2.0,1.0,2025,2,MIN,ATL,6.0,22.0,ATL,0,241.0,-0.22153201563716948,-0.1882594869224618,-0.05386229352222232,-0.31502999025304823
1209,2025_03_CIN_MIN,MIN,0.042113515401957534,0.5061728395061729,352.0,4.0,0.0,0.0,2025,3,MIN,CIN,48.0,10.0,CIN,1,268.6666666666667,-0.1303584700202096,-0.17444415128014798,-0.05386229352222232,0.09597580892417985
1254,2025_04_MIN_PIT,MIN,0.055690011770438363,0.4725274725274725,374.0,2.0,2.0,0.0,2025,4,PIT,MIN,24.0,21.0,PIT,0,308.0,-0.09036291886762488,-0.1133585039478225,-0.05386229352222232,0.10955230529266069
1283,2025_05_MIN_CLE,MIN,0.04352700030797896,0.46835443037974683,349.0,3.0,0.0,2.0,2025,5,CLE,MIN,17.0,21.0,CLE,1,358.3333333333333,0.04711017582679162,-0.058371679596442294,-0.05386229352222232,0.09738929383020128
1348,2025_07_PHI_MIN,MIN,-0.01873517174714262,0.5487804878048781,387.0,2.0,2.0,0.0,2025,7,MIN,PHI,22.0,28.0,PHI,0,370.0,0.0268272801104249,-0.04925938560840766,-0.05386229352222232,0.0351271217750797
1357,2025_08_MIN_LAC,MIN,-0.25876796158701426,0.3787878787878788,164.0,1.0,1.0,0.0,2025,8,LAC,MIN,37.0,10.0,LAC,0,300.0,-0.07799204434205931,-0.0272345211707564,-0.05386229352222232,-0.20490566806479193
1157,2025_01_LV_NE,NE,-0.04947092019581894,0.43956043956043955,336.0,1.0,1.0,0.0,2025,1,NE,LV,13.0,20.0,LV,0,275.3333333333333,-0.10933944224737296,-0.05735015502608738,-0.009861949704407333,-0.039608970491411606
1191,2025_02_NE_MIA,NE,0.18538214771067296,0.44871794871794873,335.0,5.0,0.0,0.0,2025,2,MIA,NE,27.0,33.0,MIA,1,326.6666666666667,0.04647504045215902,-0.021620077099358682,-0.009861949704407333,0.1952440974150803
1234,2025_03_PIT_NE,NE,-0.08275977351402714,0.5060240963855421,369.0,2.0,1.0,4.0,2025,3,NE,PIT,14.0,21.0,PIT,0,346.6666666666667,0.017717151333608933,-0.0450791905090946,-0.009861949704407333,-0.0728978238096198
1239,2025_04_CAR_NE,NE,0.2501910423578363,0.4307692307692308,307.0,5.0,0.0,0.0,2025,4,NE,CAR,42.0,13.0,CAR,1,337.0,0.11760447218482735,0.061371278040057264,-0.009861949704407333,0.26005299206224364
1285,2025_05_NE_BUF,NE,0.06881055938400346,0.5194805194805194,338.0,2.0,0.0,1.0,2025,5,BUF,NE,20.0,23.0,BUF,1,338.0,0.07874727607593753,0.07443061114853333,-0.009861949704407333,0.0786725090884108
1316,2025_06_NE_NO,NE,0.0925806380232243,0.4875,335.0,3.0,0.0,0.0,2025,6,NO,NE,19.0,25.0,NO,1,326.6666666666667,0.137194079921688,0.10284092279234198,-0.009861949704407333,0.10244258772763164
1342,2025_07_NE_TEN,NE,0.16324677025430515,0.4691358024691358,387.0,3.0,0.0,0.0,2025,7,TEN,NE,13.0,31.0,TEN,1,353.3333333333333,0.10821265588717761,0.09841384730106842,-0.009861949704407333,0.17310871995871246
1141,2025_01_ARI_NO,NO,-0.09094731300319668,0.42105263157894735,315.0,1.0,0.0,0.0,2025,1,NO,ARI,13.0,20.0,ARI,0,292.0,-0.09336130309083353,-0.11203995168145645,-0.03877672022984841,-0.05217059277334827
1198,2025_02_SF_NO,NO,-0.08166733322904637,0.4823529411764706,307.0,3.0,0.0,1.0,2025,2,NO,SF,21.0,26.0,SF,0,304.6666666666667,-0.03976913257781784,-0.12604782757595828,-0.03877672022984841,-0.04289061299919796
1230,2025_03_NO_SEA,NO,-0.23953946071816923,0.42424242424242425,284.0,2.0,1.0,0.0,2025,3,SEA,NO,44.0,13.0,SEA,0,302.0,-0.13738470231680408,-0.12025814064394327,-0.03877672022984841,-0.20076274048832082
1257,2025_04_NO_BUF,NO,-0.027740165248898004,0.4875,298.0,2.0,1.0,0.0,2025,4,BUF,NO,31.0,19.0,BUF,0,296.3333333333333,-0.11631565306537117,-0.07731740474010418,-0.03877672022984841,0.011036554980950408
1286,2025_05_NYG_NO,NO,-0.043219339434457035,0.4691358024691358,332.0,1.0,0.0,0.0,2025,5,NO,NYG,26.0,14.0,NYG,1,304.6666666666667,-0.10349965513384136,-0.09662272232675347,-0.03877672022984841,-0.0044426192046086235
1317,2025_06_NE_NO,NO,0.006609895885589162,0.49295774647887325,296.0,1.0,0.0,1.0,2025,6,NO,NE,19.0,25.0,NE,0,308.6666666666667,-0.021449869599255256,-0.0771112805489963,-0.03877672022984841,0.045386616115437574
1345,2025_07_NO_CHI,NO,-0.23134267438060213,0.42857142857142855,253.0,2.0,3.0,1.0,2025,7,CHI,NO,26.0,14.0,CHI,0,293.6666666666667,-0.08931737264315663,-0.10704634877930745,-0.03877672022984841,-0.19256595415075373
1162,2025_01_NYG_WAS,NYG,-0.11321850567090712,0.3780487804878049,231.0,0.0,0.0,0.0,2025,1,WAS,NYG,21.0,6.0,WAS,0,286.0,0.02082074446870666,-0.06391630909511904,0.011184130838975235,-0.12440263650988236
1193,2025_02_NYG_DAL,NYG,0.18632809172110684,0.48863636363636365,506.0,4.0,1.0,0.0,2025,2,DAL,NYG,40.0,37.0,DAL,0,325.0,-0.0033274867114221154,-0.019029978688819577,0.011184130838975235,0.1751439608821316
1223,2025_03_KC_NYG,NYG,-0.11772766973892027,0.4230769230769231,281.0,1.0,2.0,0.0,2025,3,NYG,KC,9.0,22.0,KC,0,339.3333333333333,-0.014872694562906866,0.026212531077661316,0.011184130838975235,-0.1289118005778955
1253,2025_04_LAC_NYG,NYG,-0.026105592071271586,0.4782608695652174,252.0,2.0,0.0,0.0,2025,4,NYG,LAC,21.0,18.0,LAC,1,346.3333333333333,0.014164943303638313,-0.030763144388891633,0.011184130838975235,-0.03728972291024682
1287,2025_05_NYG_NO,NYG,-0.2104796095884201,0.48314606741573035,335.0,3.0,2.0,3.0,2025,5,NO,NYG,26.0,14.0,NO,0,289.3333333333333,-0.118104290466204,-0.056240657069682454,0.011184130838975235,-0.22166374042739534
1318,2025_06_PHI_NYG,NYG,0.17245735256001068,0.47674418604651164,366.0,5.0,0.0,0.0,2025,6,NYG,PHI,34.0,17.0,PHI,1,317.6666666666667,-0.021375949699893686,0.0008945145765011098,0.011184130838975235,0.16127322172103545
1347,2025_07_NYG_DEN,NYG,0.13991684956926512,0.3854166666666667,387.0,5.0,1.0,0.0,2025,7,DEN,NYG,33.0,32.0,DEN,0,362.6666666666667,0.033964864180285215,-0.00838773385386724,0.011184130838975235,0.12873271873028988
1164,2025_01_PIT_NYJ,NYJ,0.15785075738969487,0.55,394.0,4.0,0.0,1.0,2025,1,NYJ,PIT,32.0,34.0,PIT,0,351.3333333333333,0.011667059874304692,0.04095511188629025,-0.01280914349823097,0.17065990088792585
1175,2025_02_BUF_NYJ,NYJ,-0.1699250770873194,0.421875,154.0,1.0,0.0,1.0,2025,2,NYJ,BUF,10.0,30.0,BUF,0,308.3333333333333,0.018993525332015215,-0.0520881785069109,-0.01280914349823097,-0.15711593358908843
1232,2025_03_NYJ_TB,NYJ,-0.0688976717624721,0.5058823529411764,267.0,3.0,1.0,1.0,2025,3,TB,NYJ,29.0,27.0,TB,0,271.6666666666667,-0.026990663820032217,-0.040764313845375495,-0.01280914349823097,-0.056088528264241135
1259,2025_04_NYJ_MIA,NYJ,0.07462581447435598,0.575,389.0,2.0,0.0,3.0,2025,4,MIA,NYJ,27.0,21.0,MIA,0,270.0,-0.05473231145847851,0.012541743741585898,-0.01280914349823097,0.08743495797258695
1269,2025_05_DAL_NYJ,NYJ,0.025449663090013556,0.5,382.0,2.0,0.0,1.0,2025,5,NYJ,DAL,22.0,37.0,DAL,0,346.0,0.01039260193396581,0.003820697220854573,-0.01280914349823097,0.03825880658824453
1309,2025_06_DEN_NYJ,NYJ,-0.14435103362637547,0.3815789473684211,82.0,0.0,0.0,0.0,2025,6,NYJ,DEN,11.0,13.0,DEN,0,284.3333333333333,-0.014758518687335307,-0.05661966098235949,-0.01280914349823097,-0.1315418901281445
1329,2025_07_CAR_NYJ,NYJ,-0.1951770449491419,0.35135135135135137,220.0,0.0,2.0,0.0,2025,7,NYJ,CAR,6.0,13.0,CAR,0,228.0,-0.1046928051618346,-0.061670054554723984,-0.01280914349823097,-0.18236790145091092
1149,2025_01_DAL_PHI,PHI,0.1710982200285014,0.5324675324675324,302.0,3.0,0.0,0.0,2025,1,PHI,DAL,24.0,20.0,DAL,1,368.6666666666667,0.17775839816609829,0.11744243971105986,-0.016070881681062965,0.18716910170956436
1195,2025_02_PHI_KC,PHI,0.030245068782688518,0.4358974358974359,216.0,2.0,0.0,0.0,2025,2,KC,PHI,17.0,20.0,KC,1,287.6666666666667,0.09403602865630227,0.12703606060608874,-0.016070881681062965,0.04631595046375148
1225,2025_03_LA_PHI,PHI,-0.048487157761041594,0.3902439024390244,288.0,4.0,0.0,1.0,2025,3,PHI,LA,33.0,26.0,LA,1,268.6666666666667,0.05095204368338275,0.10300662110398835,-0.016070881681062965,-0.03241627607997863
1260,2025_04_PHI_TB,PHI,-0.0512685371743158,0.46153846153846156,200.0,3.0,0.0,0.0,2025,4,TB,PHI,25.0,31.0,TB,1,234.66666666666666,-0.023170208717556307,0.03647047820670989,-0.016070881681062965,-0.035197655493252836
1271,2025_05_DEN_PHI,PHI,-0.004609148137042754,0.4177215189873418,302.0,2.0,0.0,0.0,2025,5,PHI,DEN,17.0,21.0,DEN,0,263.3333333333333,-0.0347882810241334,0.019395689147757952,-0.016070881681062965,0.01146173354402021
1319,2025_06_PHI_NYG,PHI,-0.03234514554765896,0.5070422535211268,339.0,2.0,1.0,1.0,2025,6,NYG,PHI,34.0,17.0,NYG,0,280.3333333333333,-0.02940761028633919,-0.021292983967474116,-0.016070881681062965,-0.016274263866595993
1349,2025_07_PHI_MIN,PHI,0.06453937712660988,0.4264705882352941,361.0,3.0,0.0,0.0,2025,7,MIN,PHI,22.0,28.0,MIN,1,334.0,0.009195027813969373,-0.014434122298689844,-0.016070881681062965,0.08061025880767285
1165,2025_01_PIT_NYJ,PIT,0.20862924036079467,0.5131578947368421,271.0,4.0,0.0,0.0,2025,1,NYJ,PIT,32.0,34.0,NYJ,1,248.0,0.09414531468959002,0.01398097427331435,-0.021784977823787563,0.23041421818458224
1196,2025_02_SEA_PIT,PIT,-0.21041147677247102,0.37333333333333335,269.0,2.0,2.0,0.0,2025,2,PIT,SEA,17.0,31.0,SEA,0,273.3333333333333,0.024904080778295822,-0.011597439096538542,-0.021784977823787563,-0.18862649894868344
1235,2025_03_PIT_NE,PIT,0.037468084264718204,0.5223880597014925,203.0,3.0,1.0,0.0,2025,3,NE,PIT,14.0,21.0,NE,1,247.66666666666666,0.011895282617680617,0.02189851031220345,-0.021784977823787563,0.05925306208850577
1255,2025_04_MIN_PIT,PIT,0.14071300116850202,0.5882352941176471,313.0,3.0,0.0,0.0,2025,4,PIT,MIN,24.0,21.0,MIN,1,261.6666666666667,-0.010743463779750264,0.05057866555362154,-0.021784977823787563,0.16249797899228957
1305,2025_06_CLE_PIT,PIT,0.1152141477171054,0.43243243243243246,335.0,2.0,0.0,0.0,2025,6,PIT,CLE,23.0,9.0,CLE,1,283.6666666666667,0.09779841105010854,0.058322599347729855,-0.021784977823787563,0.13699912554089297
1351,2025_07_PIT_CIN,PIT,0.26582983800179905,0.5540540540540541,396.0,4.0,2.0,0.0,2025,7,CIN,PIT,33.0,31.0,CIN,0,348.0,0.1739189956291355,0.06976271887593073,-0.021784977823787563,0.2876148158255866
1166,2025_01_SF_SEA,SEA,-0.08217625383920207,0.5223880597014925,230.0,1.0,0.0,2.0,2025,1,SEA,SF,13.0,17.0,SF,0,277.0,0.0004520093520301675,-0.030761599843326205,0.0009727460530157039,-0.08314899989221777
1197,2025_02_SEA_PIT,SEA,0.028033319666224035,0.45121951219512196,395.0,3.0,2.0,0.0,2025,2,PIT,SEA,17.0,31.0,PIT,1,320.3333333333333,0.04506690367435323,0.01348488161958306,0.0009727460530157039,0.027060573613208332
1231,2025_03_NO_SEA,SEA,0.16434415050574963,0.5277777777777778,320.0,4.0,0.0,1.0,2025,3,SEA,NO,44.0,13.0,NO,1,315.0,0.036733738777590515,0.03874669964561285,0.0009727460530157039,0.16337140445273393
1263,2025_04_SEA_ARI,SEA,0.060625176035761195,0.4634146341463415,384.0,2.0,0.0,0.0,2025,4,ARI,SEA,20.0,23.0,ARI,1,366.3333333333333,0.08433421540257828,0.07203400751291411,0.0009727460530157039,0.05965242998274549
1290,2025_05_TB_SEA,SEA,0.24670002684532957,0.5789473684210527,463.0,5.0,1.0,1.0,2025,5,SEA,TB,35.0,38.0,TB,0,389.0,0.15722311779561346,0.08350528384277248,0.0009727460530157039,0.24572728079231387
1321,2025_06_SEA_JAX,SEA,0.03977775105078318,0.43661971830985913,346.0,2.0,0.0,0.0,2025,6,JAX,SEA,12.0,20.0,JAX,1,397.6666666666667,0.11570098464395799,0.10789608482076954,0.0009727460530157039,0.03880500499776748
1333,2025_07_HOU_SEA,SEA,-0.1799499324511149,0.4222222222222222,316.0,4.0,2.0,2.0,2025,7,SEA,HOU,27.0,19.0,HOU,1,375.0,0.03550928181499929,0.06629943439730175,0.0009727460530157039,-0.1809226785041306
1167,2025_01_SF_SEA,SF,0.01168479963489489,0.4943820224719101,384.0,2.0,2.0,0.0,2025,1,SEA,SF,13.0,17.0,SEA,1,431.6666666666667,0.05652140508563517,0.00014388215706824108,0.0078615613947588,0.0038232382401360895
1199,2025_02_SF_NO,SF,0.02733156032634272,0.47126436781609193,344.0,3.0,0.0,1.0,2025,2,NO,SF,21.0,26.0,NO,1,388.0,-0.0016144804636856354,0.04134393144354066,0.0078615613947588,0.019469998931583923
1205,2025_03_ARI_SF,SF,-0.022365738140516518,0.5584415584415584,355.0,1.0,1.0,0.0,2025,3,SF,ARI,16.0,15.0,ARI,1,361.0,0.005550207273573697,0.03490600748854633,0.0078615613947588,-0.030227299535275316
1251,2025_04_JAX_SF,SF,-0.11251837842031502,0.46835443037974683,391.0,3.0,2.0,2.0,2025,4,SF,JAX,21.0,26.0,JAX,0,363.3333333333333,-0.03585085207816294,-0.027945511590377697,0.0078615613947588,-0.12037993981507382
1289,2025_05_SF_LA,SF,0.11679926234436273,0.5094339622641509,407.0,2.0,0.0,0.0,2025,5,LA,SF,23.0,26.0,LA,1,384.3333333333333,-0.006028284738822942,0.004186301148953753,0.0078615613947588,0.10893770094960394
1322,2025_06_SF_TB,SF,0.015573461735342731,0.5,363.0,1.0,2.0,0.0,2025,6,TB,SF,30.0,19.0,TB,0,387.0,0.006618115219796813,0.004964033569043321,0.0078615613947588,0.0077119003405839315
1327,2025_07_ATL_SF,SF,0.04358246938725331,0.5256410256410257,324.0,2.0,1.0,0.0,2025,7,SF,ATL,20.0,10.0,ATL,1,364.6666666666667,0.05865173115565292,0.00821421538122544,0.0078615613947588,0.03572090799249451
1169,2025_01_TB_ATL,TB,0.07608795807779938,0.4189189189189189,260.0,3.0,0.0,0.0,2025,1,ATL,TB,20.0,23.0,ATL,1,313.0,0.10996192910721225,0.1350785165956797,-0.013862098242582388,0.08995005632038176
1201,2025_02_TB_HOU,TB,0.006007164177227138,0.5154639175257731,360.0,3.0,0.0,0.0,2025,2,HOU,TB,19.0,20.0,HOU,1,301.3333333333333,0.06779050899451862,0.13108184984784932,-0.013862098242582388,0.019869262419809526
1233,2025_03_NYJ_TB,TB,-0.053230081344608944,0.39361702127659576,347.0,2.0,0.0,0.0,2025,3,TB,NYJ,29.0,27.0,NYJ,1,322.3333333333333,0.009621680303472541,0.05653257403085099,-0.013862098242582388,-0.039367983102026556
1261,2025_04_PHI_TB,TB,-0.14787645327668242,0.3977272727272727,376.0,3.0,1.0,1.0,2025,4,TB,PHI,25.0,31.0,PHI,0,361.0,-0.06503312348135472,0.00045299847245288685,-0.013862098242582388,-0.13401435503410003
1291,2025_05_TB_SEA,TB,0.33884341133635076,0.5394736842105263,428.0,4.0,0.0,0.0,2025,5,SEA,TB,35.0,38.0,SEA,1,383.6666666666667,0.04591229223835316,0.04396639979401719,-0.013862098242582388,0.35270550957893315
1323,2025_06_SF_TB,TB,0.1591133282187147,0.5441176470588235,352.0,4.0,0.0,0.0,2025,6,TB,SF,30.0,19.0,SF,1,385.3333333333333,0.11669342875946104,0.06057147382220025,-0.013862098242582388,0.1729754264612971
1353,2025_07_TB_DET,TB,-0.29559389425117877,0.34523809523809523,251.0,1.0,1.0,1.0,2025,7,DET,TB,24.0,9.0,DET,0,343.6666666666667,0.06745428176796225,0.0002512621365190704,-0.013862098242582388,-0.2817317960085964
1171,2025_01_TEN_DEN,TEN,-0.21870390063283252,0.3246753246753247,133.0,0.0,0.0,3.0,2025,1,DEN,TEN,20.0,12.0,DEN,0,262.0,-0.10113205603381725,-0.057741386526840965,0.04053172315471158,-0.2592356237875441
1189,2025_02_LA_TEN,TEN,-0.024434904345147737,0.4659090909090909,252.0,1.0,0.0,1.0,2025,2,TEN,LA,19.0,33.0,LA,0,233.66666666666666,-0.1145876281324469,-0.05600008602156983,0.04053172315471158,-0.06496662749985932
1221,2025_03_IND_TEN,TEN,-0.07971267537933632,0.4772727272727273,282.0,3.0,1.0,0.0,2025,3,TEN,IND,20.0,41.0,IND,0,222.33333333333334,-0.10761716011910553,-0.08150874956518718,0.04053172315471158,-0.1202443985340479
1265,2025_04_TEN_HOU,TEN,-0.4041592665644924,0.3492063492063492,175.0,0.0,1.0,0.0,2025,4,HOU,TEN,26.0,0.0,HOU,0,236.33333333333334,-0.16943561542965882,-0.1655269652682339,0.04053172315471158,-0.444690989719204
1293,2025_05_TEN_ARI,TEN,-0.025630914282313077,0.45121951219512196,327.0,2.0,1.0,2.0,2025,5,ARI,TEN,21.0,22.0,ARI,1,261.3333333333333,-0.16983428540871395,-0.15052833224082443,0.04053172315471158,-0.06616263743702466
1325,2025_06_TEN_LV,TEN,-0.21562425894461001,0.40789473684210525,225.0,1.0,1.0,2.0,2025,6,LV,TEN,20.0,10.0,LV,0,242.33333333333334,-0.21513814659713848,-0.14991240390317992,0.04053172315471158,-0.2561559820993216
1343,2025_07_NE_TEN,TEN,-0.13107038913802108,0.47761194029850745,255.0,2.0,1.0,1.0,2025,7,TEN,NE,13.0,31.0,NE,0,269.0,-0.12410852078831473,-0.1712395008617546,0.04053172315471158,-0.17160211229273264
1163,2025_01_NYG_WAS,WAS,0.07223995799464665,0.4880952380952381,432.0,3.0,0.0,0.0,2025,1,WAS,NYG,21.0,6.0,NYG,1,421.6666666666667,0.08363527593182966,0.10084899444893416,0.06326687685125033,0.008973081143396316
1203,2025_02_WAS_GB,WAS,-0.06958293210515311,0.4418604651162791,232.0,2.0,0.0,0.0,2025,2,GB,WAS,27.0,18.0,GB,0,338.6666666666667,-0.02429996614330041,0.06643478656217998,0.06326687685125033,-0.13284980895640344
1227,2025_03_LV_WAS,WAS,0.22180377051351652,0.5394736842105263,400.0,4.0,0.0,1.0,2025,3,WAS,LV,41.0,24.0,LV,1,354.6666666666667,0.07482026546767,0.0806253332407705,0.06326687685125033,0.1585368936622662
1267,2025_04_WAS_ATL,WAS,0.1680928117305812,0.5405405405405406,296.0,2.0,1.0,0.0,2025,4,ATL,WAS,34.0,27.0,ATL,0,309.3333333333333,0.10677121671298151,0.0633993367628393,0.06326687685125033,0.10482593487933085
1295,2025_05_WAS_LAC,WAS,0.18510168470604488,0.5675675675675675,389.0,3.0,0.0,1.0,2025,5,LAC,WAS,10.0,27.0,LAC,1,361.6666666666667,0.19166608898338086,0.11553105856792723,0.06326687685125033,0.12183480785479454
1301,2025_06_CHI_WAS,WAS,0.03636576637171786,0.5,329.0,3.0,1.0,2.0,2025,6,WAS,CHI,24.0,25.0,CHI,0,338.0,0.12985342093611463,0.10835622024334146,0.06326687685125033,-0.026901110479532475
1355,2025_07_WAS_DAL,WAS,-0.10573542506267732,0.47191011235955055,341.0,4.0,1.0,1.0,2025,7,DAL,WAS,44.0,22.0,DAL,0,353.0,0.03857734200502846,0.10112572165183661,0.06326687685125033,-0.16900230191392765
